title,company,location,link
"Front-End Developer (HTML, CSS, Vue.js, Animation)",Limesharp,No office location,https://stackoverflow.com/jobs/132347
VueJS Frontend Dev (remote friendly),Cycloid,"Paris, France",https://stackoverflow.com/jobs/457234
Full-Stack Developer (m/w/d),dtms GmbH,"Mainz, Germany",https://stackoverflow.com/jobs/515499
Front End Team Lead (Vue.js/JavaScript) (Remote EU),X-Team,No office location,https://stackoverflow.com/jobs/515494
Experienced Fullstack PHP/Symfony Developer,roadsurfer GmbH,"München, Deutschland",https://stackoverflow.com/jobs/497587
Teamleiter / Senior Java Entwickler (m/w),UNIQA Raiffeisen Software Service Kft.,"Budapest, Ungarn",https://stackoverflow.com/jobs/515491
Senior Java fejlesztő,UNIQA Raiffeisen Software Service Kft.,"Budapest, Ungarn",https://stackoverflow.com/jobs/515490
Senior Frontend Developer,Graph Aware Limited,No office location,https://stackoverflow.com/jobs/505282
Web Developer (m/f/d),Ravensburger AG,"Seattle, WA, USA",https://stackoverflow.com/jobs/497853
Webentwickler (m/w/d),MDM Münzhandelsgesellschaft mbH & Co. KG,"Braunschweig, Deutschland",https://stackoverflow.com/jobs/515464
Full Stack Developer (m/w/d),MDM Münzhandelsgesellschaft mbH & Co. KG,"Braunschweig, Deutschland",https://stackoverflow.com/jobs/515463
"Senior Fullstack Developer (.NET, JS)",Cunexus,No office location,https://stackoverflow.com/jobs/515375
Cloud Architect/Engineering Lead,HawkSoft,No office location,https://stackoverflow.com/jobs/471356
Front-End Developer with Wordpress Expertise,"Duckpin Design, LLC.","Towson, MD",https://stackoverflow.com/jobs/468074
Sr. Platform Software Engineer,"JPMorgan Chase Bank, N.A.","Chicago, IL",https://stackoverflow.com/jobs/515275
Senior JavaScript Developer,Särmä Digital Oy,No office location,https://stackoverflow.com/jobs/330722
Senior Full Stack Engineer,Addison Group,No office location,https://stackoverflow.com/jobs/498138
Senior Full-Stack Developer / Engineer (Secure Comms),SaltDNA,"Belfast, UK",https://stackoverflow.com/jobs/467740
Fullstack Software Developer (Java/JavaScript) (m/w/d),FTAPI Software GmbH,"München, Deutschland",https://stackoverflow.com/jobs/217452
Senior Frontend Developer (m/w/d),Neofonie,"Berlin, Deutschland",https://stackoverflow.com/jobs/399676
Software-Developer (m/f/d),TOPdesk,"Kaiserslautern, Deutschland",https://stackoverflow.com/jobs/465952
Senior Front-end Engineer,"UrbanFootprint, Inc.","Berkeley, CA",https://stackoverflow.com/jobs/482087
Full Stack Developer,Science Suite Inc. (BioRender),"Toronto, ON, Canada",https://stackoverflow.com/jobs/482084
Full Stack Developer,European Bioinformatics Institute (EMBL-EBI),"Hinxton, UK",https://stackoverflow.com/jobs/515009
Senior Frontend Engineer,causaLens,"London, UK",https://stackoverflow.com/jobs/497624
"Software Developer II - Full Stack Java Developer - node.js, vue.js, Java",Lumen,"Town and Country, MO",https://stackoverflow.com/jobs/497616
Senior Full Stack Engineer,causaLens,"London, UK",https://stackoverflow.com/jobs/497622
Front-end developer to make digital solutions for social challenges,Innovattic,"Delft, Netherlands",https://stackoverflow.com/jobs/130453
Front-end Software Engineer (Any Stack --> Vue),Kaizen Gaming (Stoiximan/Betano),"Athens, Greece",https://stackoverflow.com/jobs/497598
Mid - Senior ATM Java Software Engineer,"JPMorgan Chase Bank, N.A.","Westerville, OH",https://stackoverflow.com/jobs/514881
"Senior Software Engineer, Frontend",PreVeil,"Boston, MA",https://stackoverflow.com/jobs/481729
ARCHITECTE SI (F/H),Octo Technology,"Paris, France",https://stackoverflow.com/jobs/445451
TECH LEAD (F/H),Octo Technology,"Paris, France",https://stackoverflow.com/jobs/445447
Senior Front-end Developer (Vue.js) - Remote,Insider,No office location,https://stackoverflow.com/jobs/456300
Senior Full Stack Developer - Remote,Insider,No office location,https://stackoverflow.com/jobs/456301
(Senior) Software Engineer BILD.de (m/f/d),Axel Springer National Media & Tech,"Berlin, Deutschland",https://stackoverflow.com/jobs/497566
Support Engineer,SDVI,No office location,https://stackoverflow.com/jobs/492303
Software Engineer - SDVI DevOps,SDVI,No office location,https://stackoverflow.com/jobs/451626
Software Development Engineer in Test,SDVI,No office location,https://stackoverflow.com/jobs/219487
Full Stack Javascript Software Engineer,SDVI,No office location,https://stackoverflow.com/jobs/254207
Java (Kotlin) Spring Boot Microservices AWS Backend Engineer (m/f/x),"AVANTGARDE - ""Creating Fans""","Berlin, Deutschland",https://stackoverflow.com/jobs/276892
Senior Node.js Fullstack Developer (m/f/d) – Focus: Backend,Cluno GmbH,"München, Deutschland",https://stackoverflow.com/jobs/497569
Java Entwickler (m/w/d),MT AG - enabling the adaptive enterprise,"Ratingen, Deutschland",https://stackoverflow.com/jobs/338095
Mid Weight Drupal Developer,Access,"Manchester, UK",https://stackoverflow.com/jobs/445398
Senior Drupal Developer,Access,"Manchester, UK",https://stackoverflow.com/jobs/445396
Lead Software Engineer - Game Optimization Platform,Voodoo.io,"Paris, France",https://stackoverflow.com/jobs/410368
Frontend Developer,ABOUT YOU GmbH,"Hamburg, Deutschland",https://stackoverflow.com/jobs/304349
Full Stack Engineer,Beatrust Inc.,"Minato City, Japan",https://stackoverflow.com/jobs/429319
Director of Technical Support,Nacelle,No office location,https://stackoverflow.com/jobs/514660
Ruby on Rails Team Lead,CivicPlus/Icon Enterprises/the hidden job,"New Haven, CT",https://stackoverflow.com/jobs/497331
Senior Software Engineer,Enovational,"Washington, DC",https://stackoverflow.com/jobs/420640
Frontend Engineer,proton.ai,No office location,https://stackoverflow.com/jobs/514653
"Frontend Developer / Engineer (Vue, Vuetify, Tailwind CSS, Shopify)",Opinew,No office location,https://stackoverflow.com/jobs/514643
Quality Engineer-Remote,Ultranauts Inc,No office location,https://stackoverflow.com/jobs/514642
Technical Lead,e-bot7 GmbH,"München, Germany",https://stackoverflow.com/jobs/514605
Product Manager,e-bot7 GmbH,"München, Germany",https://stackoverflow.com/jobs/514603
Senior Haskell and PureScript Developer,e-bot7 GmbH,"München, Germany",https://stackoverflow.com/jobs/514601
Full Stack Software Engineer,F-Secure,"London, UK",https://stackoverflow.com/jobs/514490
Senior Java Developer who wants to make a difference!,O'Reilly Auto Parts,No office location,https://stackoverflow.com/jobs/514476
Frontend Developer,RBW ConsultingviaRBW Consulting,No office location,https://stackoverflow.com/jobs/514441
"Back End Engineer - (Node, Typescript, AWS) - 100% remote LATAM",Modus Create,No office location,https://stackoverflow.com/jobs/514435
Back End Engineer- Wallet & Apple Pay - Cupertino,Apple,"Cupertino, CA",https://stackoverflow.com/jobs/514353
Fullstack Entwickler (m/w/d) C#,Meierhofer AG,"Leipzig, Deutschland",https://stackoverflow.com/jobs/497038
UI Developer (m/w/d),GastroHero GmbH,"Holzwickede, Deutschland",https://stackoverflow.com/jobs/514315
Web Frontend Developer with an eye for professional user experience (m/f/d),Ergosign,"Hamburg, Deutschland",https://stackoverflow.com/jobs/456764
Web Frontend Developer with an eye for professional user experience (m/f/d),Ergosign,"Saarbrücken, Deutschland",https://stackoverflow.com/jobs/456766
Backend Engineer - Working Student (m/f/d),Motius GmbH,"München, Deutschland",https://stackoverflow.com/jobs/456520
Frontend Engineer - Working Student (m/f/d),Motius GmbH,"München, Deutschland",https://stackoverflow.com/jobs/456519
PHP Developer (w/*/m),queo GmbH,"Dresden, Deutschland",https://stackoverflow.com/jobs/399160
Java Software Developer,Vattenfall,"Amsterdam, Netherlands",https://stackoverflow.com/jobs/514260
Experienced Fullstack Web Engineer,Scoville,"Shibuya City, Japan",https://stackoverflow.com/jobs/513039
Senior Node.Js Developer,Imaginary Cloud,"Lisbon, Portugal",https://stackoverflow.com/jobs/514071
Fullstack Engineer,Practichem,No office location,https://stackoverflow.com/jobs/513980
Solution Architect,Enovational,"Washington, DC",https://stackoverflow.com/jobs/420637
"Senior Software Engineer, UI - Pet Health-R8094","Chewy, Inc.","Dania Beach, FL",https://stackoverflow.com/jobs/513974
Senior Front-end Engineer – Amazon Web Services Design System,Amazon Web Services,"Berlin, Germany",https://stackoverflow.com/jobs/513647
"Senior Software Engineer, UI- Pet Health- R8094","Chewy, Inc.","Minneapolis, MN",https://stackoverflow.com/jobs/513973
"Senior Software Engineer, UI - Pet Health-R8094","Chewy, Inc.","Boston, MA",https://stackoverflow.com/jobs/513971
"Awesome Full-Stack Software Engineer - Java, Python, JavaScript (Fully Cleared)",Erias Ventures,"Annapolis Junction, MD",https://stackoverflow.com/jobs/432032
Frontend Engineer,ActiveProspect,"Austin, TX",https://stackoverflow.com/jobs/496599
Senior Front-end / JS Developer (Remote),iubenda,"Milan, Italy",https://stackoverflow.com/jobs/513766
Java Fullstack Entwickler (m/w/d) - Weinheim & remote,objective partner AG,"Weinheim, Deutschland",https://stackoverflow.com/jobs/496584
"Full Stack Engineer: Vue.js, Node.js, learn mobile apps | start-up fitness app",ProjekttviaTechfolk Ltd,"Bristol, UK",https://stackoverflow.com/jobs/513748
Senior Full Stack Engineer - Cyber Security,Myra Security GmbH,"München, Deutschland",https://stackoverflow.com/jobs/466848
Frontend Developer,Blackshark.ai GmbH,"Graz, Austria",https://stackoverflow.com/jobs/513198
Lead software engineer,The Sustainables BV,"Amsterdam, Netherlands",https://stackoverflow.com/jobs/449440
"Frontend Software Engineer. Evangelist. Enthusiast (Java Script, HTML5) (m/f/x)",financial.com AG,"München, Deutschland",https://stackoverflow.com/jobs/285784
Software Engineer,UpMetrics,No office location,https://stackoverflow.com/jobs/496289
Software Engineer,WiseTech Global Ltd.,"Sydney, Australia",https://stackoverflow.com/jobs/496278
"Software Engineer, IV",ACV Auctions,"Toronto, ON, Canada",https://stackoverflow.com/jobs/513673
Fullstack Web Developer,Mirego,"Québec, QC, Canada",https://stackoverflow.com/jobs/513028
Back End Engineer - (Python) - LATAM,Modus Create,No office location,https://stackoverflow.com/jobs/513660
Back-End Developer - Node.js OR Python,Imaginary Cloud,"Lisbon, Portugal",https://stackoverflow.com/jobs/513570
Full Stack Engineer,Deepgram,"San Francisco, CA",https://stackoverflow.com/jobs/430520
Senior Platform Services Software Engineer (United States and Canada),Circle,No office location,https://stackoverflow.com/jobs/496060
Senior Platform Services Software Engineer (Europe),Circle,No office location,https://stackoverflow.com/jobs/496059
Senior Frontend Software Engineer (Europe),Circle,No office location,https://stackoverflow.com/jobs/496058
Senior Frontend Software Engineer (United States and Canada),Circle,No office location,https://stackoverflow.com/jobs/496056
REMOTE - (Senior) Frontend Engineer (f/m/d),real.digital,"Köln, Deutschland",https://stackoverflow.com/jobs/501205
DevOps Engineer,Youtility Solar,"Woods Cross, UT",https://stackoverflow.com/jobs/409581
Front-End Web Developer (all genders) Full-/Part-time,Accenture DACH,"Frankfurt, Germany",https://stackoverflow.com/jobs/391299
"Manager, Software Engineering (Europe)",Circle,No office location,https://stackoverflow.com/jobs/496049
"Manager, Software Engineering (United States and Canada)",Circle,No office location,https://stackoverflow.com/jobs/496048
Senior Software Engineer - Back End,Keap,No office location,https://stackoverflow.com/jobs/488085
Java Fullstack Entwickler (m/w/d),"Progressive IT RecruitmentviaProgressive, ein Geschäftszweig der SThree GmbH","Hamburg, Germany",https://stackoverflow.com/jobs/513397
"Senior Software Engineer, Front-end Focused",Radix DLT,No office location,https://stackoverflow.com/jobs/465700
React Developer,Addison Group,"Herndon, VA",https://stackoverflow.com/jobs/513387
PHP Developer for BLOX CMS,TownNews,"East Moline, IL",https://stackoverflow.com/jobs/431681
Full Stack Developer,TownNews,No office location,https://stackoverflow.com/jobs/509435
Front-End Developer,Smart Energy Lab,"Lisbon, Portugal",https://stackoverflow.com/jobs/513352
React Web Developer,Carbonara,No office location,https://stackoverflow.com/jobs/510708
Senior Frontend Developer (m/f/d) Vue,Laserhub GmbH,"Stuttgart, Deutschland",https://stackoverflow.com/jobs/513294
Fullstack Developer (f/m/d),Kolibri Games,"Berlin, Germany",https://stackoverflow.com/jobs/495724
Software Engineer – Cloud Solutions,Emerson Sweden,"Mölnlycke, Sweden",https://stackoverflow.com/jobs/513287
(Senior) Fullstack Developer (m/w/d),tarent solutions GmbH,"Bonn, Deutschland",https://stackoverflow.com/jobs/494511
SENIOR RUBY DEVELOPER / BACKEND (W/F/D),metoda GmbH,"München, Deutschland",https://stackoverflow.com/jobs/486206
フロントエンドエンジニア,HENNGE K.K.,"Tokyo, Japan",https://stackoverflow.com/jobs/381284
Platform Engineer,Blackshark.ai GmbH,"Graz, Austria",https://stackoverflow.com/jobs/507976
Front-End Software Engineer,HENNGE K.K.,"Tokyo, Japan",https://stackoverflow.com/jobs/381280
Experienced Rails Engineer to Simplify Life Insurance,BackNine Insurance,No office location,https://stackoverflow.com/jobs/495701
Frontend Developer (Associate) - Consumer Industry Cloud,SAP,"Pudong, China",https://stackoverflow.com/jobs/494223
Senior React Developer,AppEvolve,No office location,https://stackoverflow.com/jobs/249608
Solutions Engineer,Deepgram,"San Francisco, CA",https://stackoverflow.com/jobs/431389
Senior full stack developer (Azure/.NET core/VueJs/Typescript),33reasons,No office location,https://stackoverflow.com/jobs/453423
Senior Software Engineer (Full-Stack Web Apps),Direct Supply,"Milwaukee, WI",https://stackoverflow.com/jobs/494559
Senior Software Engineer (Node),"Jack Henry & Associates, Inc.®",No office location,https://stackoverflow.com/jobs/471201
Senior Full Stack Developer,Creative Mines,"Madison, WI",https://stackoverflow.com/jobs/500244
Senior Full Stack Developer,Creative Mines,"Minneapolis, MN",https://stackoverflow.com/jobs/500268
Senior Software Engineer - C# .Net,CommifyviaHays PLC,"Nottingham, UK",https://stackoverflow.com/jobs/512742
Senior Frontend Developer - Consumer Industry Cloud,SAP,"Pudong, China",https://stackoverflow.com/jobs/495513
Full Stack Developer (m/w/d),Haufe Group,"Freiburg im Breisgau, Germany",https://stackoverflow.com/jobs/455781
Softwareentwickler (m/w/d),AM GmbH,"Hamburg, Deutschland",https://stackoverflow.com/jobs/380999
Frontend-Developer (m/f/d),TOPdesk,"Kaiserslautern, Deutschland",https://stackoverflow.com/jobs/465950
Fullstack Entwickler (m/w/d) in Hamburg,Computer FuturesviaComputer Futures Solutions GmbH,"Hamburg, Germany",https://stackoverflow.com/jobs/512617
Web UI Developer at Bosch IoT Start-up,Security and Safety Things GmbH (A Bosch IoT Start-Up),"Eindhoven, Netherlands",https://stackoverflow.com/jobs/512614
Front-End Team Leader,Applancer JSCviaTopDev,"Tân Bình, Vietnam",https://stackoverflow.com/jobs/512403
Software Engineer (Backend),Fei Siong Food Management Pte. Ltd.,Singapore,https://stackoverflow.com/jobs/512398
Senior Frontend Developer,Aluna,"San Francisco, CA",https://stackoverflow.com/jobs/512389
Senior Full Stack Software Engineer,"System Concepts, Inc.","Scottsdale, AZ",https://stackoverflow.com/jobs/204563
"Director of Engineering, Platform",ReCharge Payments,No office location,https://stackoverflow.com/jobs/512381
"Technical Product Manager, API",ReCharge Payments,"Denver, CO",https://stackoverflow.com/jobs/273825
Backend Node.js Developer (LATAM REMOTE),Arative Technologies,No office location,https://stackoverflow.com/jobs/512370
Frontend Developer (LATAM REMOTE),Arative Technologies,No office location,https://stackoverflow.com/jobs/512369
"Remote Full Stack Software Engineer, JavaScript",Verys,No office location,https://stackoverflow.com/jobs/512368
Senior Fullstack Engineer,App Annie,"Vancouver, BC, Canada",https://stackoverflow.com/jobs/512363
Senior Backend and Infrastructure Engineer,Plotly Technologies Inc,No office location,https://stackoverflow.com/jobs/512347
Web Development (Microsoft Stack) - Fully Remote,BlueModus,No office location,https://stackoverflow.com/jobs/512344
Ruby Back-End Developper - Permanent / Full time,Steeple,"Rennes, France",https://stackoverflow.com/jobs/512223
Fullstack Developer (m/w/d),best it GmbH & Co. KG,"Amstetten, Österreich",https://stackoverflow.com/jobs/512061
Fullstack Developer (m/w/d) remote,best it GmbH & Co. KG,No office location,https://stackoverflow.com/jobs/512059
Senior Software Architekt (m/w/d) mit Option auf stellv. Teamleitung,Meierhofer AG,"Berlin, Deutschland",https://stackoverflow.com/jobs/465084
Software Engineer (Cyber Security),Surevine,No office location,https://stackoverflow.com/jobs/512054
Javascript Web-App-Entwickler (m/w/d),OC Development GmbH,"Prien am Chiemsee, Deutschland",https://stackoverflow.com/jobs/512051
Java Fullstack Entwickler (m/w/d) - deutschlandweit & remote,objective partner AG,"Weinheim, Deutschland",https://stackoverflow.com/jobs/443596
Frontend Developer - Growth Engineering,Soundtrack Your Brand,"Stockholm, Sweden",https://stackoverflow.com/jobs/512048
Frontend-Entwickler (m/w/d),onOffice GmbH,"Aachen, Deutschland",https://stackoverflow.com/jobs/430751
Senior Frontend Engineer,Ofload,No office location,https://stackoverflow.com/jobs/401723
Lead Development Engineer,Mastercard,"Tel Aviv-Yafo, Israel",https://stackoverflow.com/jobs/465579
Front End .Net Developer,Mastercard,"Tel Aviv-Yafo, Israel",https://stackoverflow.com/jobs/465575
Senior Fullstack Developer (Core Platform Services),Smartly.io,"Helsinki, Finland",https://stackoverflow.com/jobs/465571
Frontend Web Developer,Skillhouse Staffing Solutions,"Tokyo, Japan",https://stackoverflow.com/jobs/470540
"Software Engineer – Senior (C#, Azure)",LifeVantage Corporation,"Lehi, UT",https://stackoverflow.com/jobs/494836
Senior Full-Stack Web Developer (Vue & Node),Nanome Inc,No office location,https://stackoverflow.com/jobs/511761
React Frontend Developer,Nacelle,No office location,https://stackoverflow.com/jobs/494576
Front End Software Engineer,Buxton,No office location,https://stackoverflow.com/jobs/492568
Software Engineering Lead,"JPMorgan Chase Bank, N.A.","Columbus, OH",https://stackoverflow.com/jobs/511677
Fullstack Web Developer,Smart Energy Lab,"Lisbon, Portugal",https://stackoverflow.com/jobs/465125
Senior Tech Engineer (Front-end),Voodoo.io,"Paris, France",https://stackoverflow.com/jobs/430364
Lead Software Developer (m/f/d),Cluno GmbH,"München, Deutschland",https://stackoverflow.com/jobs/494237
Fintech - Frontend Developer (m/w/d),Lowell Financial Services GmbH,"Berlin, Deutschland",https://stackoverflow.com/jobs/485486
Frontend Developer - Consumer Industry Cloud,SAP,"Pudong, China",https://stackoverflow.com/jobs/494224
Senior Full Stack Engineer (Remote OR NYC),Noom,"New York, NY",https://stackoverflow.com/jobs/283522
Senior Front-end Engineer,Bloomreach,No office location,https://stackoverflow.com/jobs/478212
Full Stack Software Engineer - Mobile Healthcare,Medsphere,No office location,https://stackoverflow.com/jobs/406291
"Frontend Engineer, Web",Aaqua,Singapore,https://stackoverflow.com/jobs/493601
"Tech Lead, Web Development",Embark Veterinary Inc.,"Boston, MA",https://stackoverflow.com/jobs/510445
"Senior Software Developer, Web Frontend",Feed Media Inc,No office location,https://stackoverflow.com/jobs/510886
Javascript Developer (LATAM REMOTE),Arative Technologies,No office location,https://stackoverflow.com/jobs/493275
Senior Frontend Developer,Envoy Media Group,"Simi Valley, CA",https://stackoverflow.com/jobs/510879
Frontend Software Engineer (React),Idelic Inc,"Pittsburgh, PA",https://stackoverflow.com/jobs/493257
Senior Frontend Engineer,ThetaCore,"Lehi, UT",https://stackoverflow.com/jobs/510873
Shopify Technical Lead,"Trellis, Inc.",No office location,https://stackoverflow.com/jobs/510869
Software Engineer (Rails & more) - f/m/d,PlaytestCloud,"Berlin, Germany",https://stackoverflow.com/jobs/510868
Laravel and Vue.js Developer - Ycode,The Remote Company,No office location,https://stackoverflow.com/jobs/493250
Senior Full-Stack Engineer,Stable Kernel,"Atlanta, GA",https://stackoverflow.com/jobs/505670
Front End (Ionic / React),Modus Create,No office location,https://stackoverflow.com/jobs/510393
Full Stack Web Developer (m/f/d),QuickBird Studios GmbH,"München, Germany",https://stackoverflow.com/jobs/367236
Full Stack Developer Mobile Gaming (m/w/d),Lotum GmbH,"Bad Nauheim, Deutschland",https://stackoverflow.com/jobs/372990
(Senior) Web/Mobile Developer (m/w/d),Lotum GmbH,"Frankfurt am Main, Deutschland",https://stackoverflow.com/jobs/372988
Frontend Developer,Frequenz Energy-as-a-Service GmbH,"Berlin, Germany",https://stackoverflow.com/jobs/492897
Frontend Engineer - Javascript,trivago N.V.,"Düsseldorf, Germany",https://stackoverflow.com/jobs/498115
Full-Stack Web Developer Java,WPS Management GmbH,"Paderborn, Deutschland",https://stackoverflow.com/jobs/125395
Frontend Developer (m/f/d),WPS Management GmbH,"Paderborn, Deutschland",https://stackoverflow.com/jobs/293572
Data Engineer - Python,Sytac IT Consulting,"Amsterdam, Netherlands",https://stackoverflow.com/jobs/477308
Frontend Developer (m/w/d),Geutebrück GmbH,"Bonn, Deutschland",https://stackoverflow.com/jobs/492924
Lead Vue.js / PHP developer,HUBX,No office location,https://stackoverflow.com/jobs/397027
Fullstack Engineer (Fokus Node.js) (m/w/d),Axel Springer National Media & Tech,"Berlin, Deutschland",https://stackoverflow.com/jobs/510384
Engineering Manager,Brosa Design,"Melbourne, Australia",https://stackoverflow.com/jobs/509904
QA Engineer,CareSend,No office location,https://stackoverflow.com/jobs/507973
Ruby on Rails Developer,Imaginary Cloud,"Lisbon, Portugal",https://stackoverflow.com/jobs/509891
Lead Frontend Developer / Vue.js (m/f/x),refurbed,No office location,https://stackoverflow.com/jobs/483470
Développeur front-end web & Mobile,Institut du Cerveau – ICM,"Paris, France",https://stackoverflow.com/jobs/509881
Senior Cloud Platform Business Intelligence Platform Engineer,"JPMorgan Chase Bank, N.A.","Columbus, OH",https://stackoverflow.com/jobs/509871
"Senior Front End Engineer, Pet Health-R8355","Chewy, Inc.","Boston, MA",https://stackoverflow.com/jobs/509448
Software Engineer,Intruder,"London, UK",https://stackoverflow.com/jobs/492581
Senior Software Engineer,Intruder,"London, UK",https://stackoverflow.com/jobs/492580
Senior WebXR Games Engineer,NWR CORP,No office location,https://stackoverflow.com/jobs/454917
Senior Backend Engineer - Location Flexible,"Volusion, LLC",No office location,https://stackoverflow.com/jobs/443231
Senior Frontend Developer (f/m/diverse),Eurowings Digital GmbH,"Köln, Deutschland",https://stackoverflow.com/jobs/410393
Full Stack Developer,Facile.it,"Milan, Italy",https://stackoverflow.com/jobs/441392
.NET Core Developer,Bilbayt,No office location,https://stackoverflow.com/jobs/492507
E-Commerce Software-Entwickler Full-Stack (M/W/D),POET GmbH,"Karlsruhe, Deutschland",https://stackoverflow.com/jobs/417417
Senior Software Engineer (m/f/d) (Graphical User Interface),Worldline,"Sindelfingen, Deutschland",https://stackoverflow.com/jobs/509377
Senior Full Stack Engineer,Audacia Group,No office location,https://stackoverflow.com/jobs/492317
Fullstack Developer [Dutch Speaking],Triple,"Alkmaar, Netherlands",https://stackoverflow.com/jobs/407725
Full Stack Developer (Node.js),Grand Parade,"Kraków, Poland",https://stackoverflow.com/jobs/466419
Front-end Developer,Triple,"Alkmaar, Netherlands",https://stackoverflow.com/jobs/407700
Senior Front-End Developer (m/f/d) - for legal tech startup in Berlin,DataGuard,"Berlin, Deutschland",https://stackoverflow.com/jobs/463805
Senior Front End Web Developer,Echosec Systems,"Victoria, BC, Canada",https://stackoverflow.com/jobs/491984
"Principal DevOps Engineer (Terraform, AWS)",Modus Create,No office location,https://stackoverflow.com/jobs/509010
JavaScript Developer,Kinsta,No office location,https://stackoverflow.com/jobs/491943
Front-End Developer,Imaginary Cloud,"Lisbon, Portugal",https://stackoverflow.com/jobs/508939
Front-end developer,Enrise,"Amersfoort, Netherlands",https://stackoverflow.com/jobs/508980
Full Stack Developer,OpsTalent,"Wrocław, Poland",https://stackoverflow.com/jobs/463551
Cloud Softwareentwickler für IOT-Produkte,Paessler AG,"Nürnberg, Deutschland",https://stackoverflow.com/jobs/412301
Sr. JavaScript/Full Stack Engineer,Ocelot,No office location,https://stackoverflow.com/jobs/507633
Windows software developer in audiology,HörTech gGmbH,"Oldenburg, Deutschland",https://stackoverflow.com/jobs/491902
Frontend- / UX/UI-Developer (m/w/d),Just Spices GmbH,"Düsseldorf, Deutschland",https://stackoverflow.com/jobs/428547
Front End Developer Who Loves Big Data (Mid to Senior),Varen Technologies,"Columbia, MD",https://stackoverflow.com/jobs/508681
Software Developer,AbCellera,"Vancouver, BC, Canada",https://stackoverflow.com/jobs/508359
Full-stack Javascript Developer (React.js/Node.js),Imaginary Cloud,"Lisbon, Portugal",https://stackoverflow.com/jobs/508356
Softwareentwickler - C# (m/w/d),Hahn Softwareentwicklung,"Maxhütte-Haidhof, Deutschland",https://stackoverflow.com/jobs/338764
Senior Web Developer,KPS3,"Reno, NV",https://stackoverflow.com/jobs/508345
Senior Frontend Architect,Locus.sh,"Bengaluru, India",https://stackoverflow.com/jobs/450862
Angular/Ruby on Rails Developer (US or Canada),BiTE interactive,No office location,https://stackoverflow.com/jobs/481735
Web Frontend Softwareentwickler (m/w/d),CADENAS GmbH,"Augsburg, Deutschland",https://stackoverflow.com/jobs/508307
"Software Engineer - Ontario Systems - Fully Remote, Muncie, IN or Vancouver, WA",Ontario SystemsviaSource Coders,No office location,https://stackoverflow.com/jobs/507960
Senior Full Stack Developer,Servian,"Brisbane City, Australia",https://stackoverflow.com/jobs/427870
"Front End Developer: Angular (can cross train from React, Vue, Ember etc.)",employer represented by techfolkviaTechfolk Ltd,"Bristol, UK",https://stackoverflow.com/jobs/200440
Full Stack Softwareentwickler Javascript/React (m/w/d),HELM-Software,"Ladenburg, Deutschland",https://stackoverflow.com/jobs/507612
Software Engineer (Cloud),Nexthink,"Madrid, Spain",https://stackoverflow.com/jobs/507644
Frontend developer React,VIKTOR,"Rotterdam, Netherlands",https://stackoverflow.com/jobs/507635
Remote Ruby on Rails Developer (US or Canada),BiTE interactive,No office location,https://stackoverflow.com/jobs/433137
Backend Developer for Smart City Sensors (m/f/d),smartmicro,"Braunschweig, Deutschland",https://stackoverflow.com/jobs/507627
"Magento Developer (GraphQL, VueJS, Laravel) Office or Remote",Limesharp,"Auckland, New Zealand",https://stackoverflow.com/jobs/462636
Frontend Developer,AirLST GmbH,"München, Deutschland",https://stackoverflow.com/jobs/304709
Fullstack Developer Laravel / Vue,AirLST GmbH,"München, Deutschland",https://stackoverflow.com/jobs/261736
Java Fullstack Developer (m/w/d),"Progressive RecruitmentviaProgressive, ein Geschäftszweig der SThree GmbH","Munich, Germany",https://stackoverflow.com/jobs/507271
Frontend/Mobile Developer (m/w/d),CtrlMovie AG,"Stuttgart, Deutschland",https://stackoverflow.com/jobs/380076
Senior Frontend Engineer - Piñata Farms (Los Angeles),Unusual Ventures,"Los Angeles, CA",https://stackoverflow.com/jobs/490535
Hackers wanted - Software Engineers (m/f/d) & Machine Learning Experts (m/f/d),freiheit.com technologies gmbh,"Lisbon, Portugal",https://stackoverflow.com/jobs/254089
Senior Backend Engineer - Piñata Farms (Los Angeles),Unusual Ventures,"Los Angeles, CA",https://stackoverflow.com/jobs/490533
Senior Frontend Engineer (m|w|x) - Product Discovery,idealo internet GmbH,"Berlin, Deutschland",https://stackoverflow.com/jobs/462517
Lead Front-end Engineer - REMOTE - VUE.JS,Launch Potato,"Delray Beach, FL",https://stackoverflow.com/jobs/490271
Full Stack Developer (Identity & Authentication),LoginID,"Toronto, ON, Canada",https://stackoverflow.com/jobs/490162
Front End UI Engineer,Market America / Shop.com,"Monterey, CA",https://stackoverflow.com/jobs/490157
Frontend Engineer,causaLens,"London, UK",https://stackoverflow.com/jobs/462390
"Software Engineer (Remote Only, US)",Osso VR,No office location,https://stackoverflow.com/jobs/462304
Desenvolvimento C#,Ambev Tech,No office location,https://stackoverflow.com/jobs/490133
.NET & Vue.js Developer,"Springbit, Inc.","Alpharetta, GA",https://stackoverflow.com/jobs/497815
Frontend Developer (m/w/d),EWERK Group,"Leipzig, Deutschland",https://stackoverflow.com/jobs/490097
Senior Software Engineer (React/Java),Pinnacle 21,"Blue Bell, PA",https://stackoverflow.com/jobs/262299
Software Engineer Vue.js,Harlem Next,"Haarlem, Netherlands",https://stackoverflow.com/jobs/427253
Full Stack Javascript Developer (m/w/d),Klassik Radio AG,"Augsburg, Deutschland",https://stackoverflow.com/jobs/474719
Machine Learning Researcher,Blackshark.ai GmbH,"Graz, Austria",https://stackoverflow.com/jobs/474473
Hackers wanted - Software Engineers (m/f/d) & Machine Learning Experts (m/f/d),freiheit.com technologies gmbh,"Hamburg, Germany",https://stackoverflow.com/jobs/165266
"Senior Frontend Software Engineer -- East Bay, Austin, U.S. Remote",Underline,No office location,https://stackoverflow.com/jobs/423274
Full Stack Engineer,"WorkLLama, LLC","Alpharetta, GA",https://stackoverflow.com/jobs/489630
Front-end Engineer【Full-Remote work in Japan】,PayPay Corporation.,"Minato City, Japan",https://stackoverflow.com/jobs/292635
Senior Front-end Engineer,MedExpress Enterprises Ltd,"London, UK",https://stackoverflow.com/jobs/438811
Java Developer,LMAX Group,"London, UK",https://stackoverflow.com/jobs/181651
Software Developer / Product Owner,Knowit,"Gothenburg, Sweden",https://stackoverflow.com/jobs/473444
Frontend Entwickler (m/w/d),Computer FuturesviaComputer Futures Solutions GmbH,"Munich, Germany",https://stackoverflow.com/jobs/506799
Full Stack Developer,Servian,"Sydney, Australia",https://stackoverflow.com/jobs/424942
Senior Python Developer,Spiria,"Oakville, ON, Canada",https://stackoverflow.com/jobs/506445
Software Engineer,Atomic Robot,"Mason, OH",https://stackoverflow.com/jobs/488052
Front-end Developer,WHQ,"Chicago, IL",https://stackoverflow.com/jobs/506440
Full-Stack WordPress/Laravel Developer,Elegant Themes,"San Francisco, CA",https://stackoverflow.com/jobs/506434
Senior Ruby on Rails Developer,springbig inc.,"Boca Raton, FL",https://stackoverflow.com/jobs/278282
Head of Engineering - Remote,Black Spectacles,"Chicago, IL",https://stackoverflow.com/jobs/488075
Teamleiter Softwareentwicklung (m/w/d),Haufe Group,"Freiburg im Breisgau, Germany",https://stackoverflow.com/jobs/473484
Enterprise Software Engineer – Java (m/f/d),ProSiebenSat.1 Media SE,"München, Deutschland",https://stackoverflow.com/jobs/506410
Microservices DevOps Engineer – Java (m/f/d),ProSiebenSat.1 Media SE,"München, Deutschland",https://stackoverflow.com/jobs/506409
"Developer, Clean Code Evangelist – Java (m/f/d)",ProSiebenSat.1 Media SE,"München, Deutschland",https://stackoverflow.com/jobs/506408
Software Engineer – Java (m/f/d),ProSiebenSat.1 Media SE,"München, Deutschland",https://stackoverflow.com/jobs/506407
Senior AEM Developer/Architect,Railroad19,No office location,https://stackoverflow.com/jobs/468540
Senior Frontend Engineer,Maven Clinic,"New York, NY",https://stackoverflow.com/jobs/488058
Senior Frontend Developer (f/m/d),1&1 Mail & Media Applications SE - WEB.DE | GMX | 1&1 | mail.com,"Karlsruhe, Deutschland",https://stackoverflow.com/jobs/506390
Software Engineer/ Senior Software Engineer - JavaScript Developer,FactSet,"Hyderabad, India",https://stackoverflow.com/jobs/506362
Tech Lead Backend Development (m/f/d),"AppLike Group - justDice, adjoe and Sunday","Hamburg, Deutschland",https://stackoverflow.com/jobs/506059
Senior Softwareentwickler Java (m/w/d) (based in Germany),ONE LOGIC GmbH,No office location,https://stackoverflow.com/jobs/506053
Frontend Developer (m/w/d),RheinEnergie AG,"Köln, Deutschland",https://stackoverflow.com/jobs/506045
Software Engineer .NET,VX Company,"Baarn, Netherlands",https://stackoverflow.com/jobs/377088
Senior Software Engineer (Engineer III),Oregon Beverage Recycling Cooperative (OBRC),"Damascus, OR",https://stackoverflow.com/jobs/487838
Senior Full-Stack Engineer (Vue/Node),Wisely,No office location,https://stackoverflow.com/jobs/405895
Principal Software Engineer (Node + TypeScript),"Unanet, Inc.",No office location,https://stackoverflow.com/jobs/505659
Full stack developer,Online Partner AB,"Hägersten, Sweden",https://stackoverflow.com/jobs/339146
Head of Development (m/f/d),Real Life Interaction GmbH,"Berlin, Deutschland",https://stackoverflow.com/jobs/505645
Back End Engineer - Retail & Catalog,Everli,No office location,https://stackoverflow.com/jobs/415688
(Senior) Full Stack Developer with focus on PHP (m/f/d) - Full-/Part-time,IUBH Internationale Hochschule GmbH,No office location,https://stackoverflow.com/jobs/505623
Front End Specialist (f/m/d),Receeve GmbH,"Hamburg, Deutschland",https://stackoverflow.com/jobs/505603
(Senior) Full Stack Developer Fokus JavaScript (m/w/d) - Remote/deutschlandweit,IUBH Internationale Hochschule GmbH,No office location,https://stackoverflow.com/jobs/505619
Web-Entwickler/in Vue.js (w/m/d),Synergeticon GmbH,"Hamburg, Deutschland",https://stackoverflow.com/jobs/487622
"Full stack web developer (remote, UK candidates only)",ClearLife Limited,No office location,https://stackoverflow.com/jobs/505595
Java Engineer at Bosch IoT Start-up,Security and Safety Things GmbH (A Bosch IoT Start-Up),"München, Germany",https://stackoverflow.com/jobs/505592
"Full Stack Software Developer - Python, MySQL, VueJS",Tails.com,"Richmond, UK",https://stackoverflow.com/jobs/487607
Senior Frontend Engineer (React + Typescript),Bigblue,"Paris, France",https://stackoverflow.com/jobs/505291
Digital-Senior Software/Lead Engineer-System Infra,FactSet,"Hyderabad, India",https://stackoverflow.com/jobs/461321
"Lead Polyglot Software Engineers – TDD, XP, JavaScript",Pragmateam,"Sydney, Australia",https://stackoverflow.com/jobs/505273
Full-Stack .NET/JS Engineer,MediKeeper,"San Diego, CA",https://stackoverflow.com/jobs/505268
.Net Software Developer - Healthcare EHR Systems,eDerm Systems,"Boca Raton, FL",https://stackoverflow.com/jobs/357993
Frontend Developer,Squla,"Amsterdam, Netherlands",https://stackoverflow.com/jobs/454638
Frontenddeveloper with vue.js / Experienced with TDD and Docker,roadsurfer GmbH,"München, Deutschland",https://stackoverflow.com/jobs/504968
Software Engineer - Web UI,Agrian Inc.,"Clovis, CA",https://stackoverflow.com/jobs/451025
Sr. Software Engineer - Ruby - Telehealth / Telemedicine,VisuWell,"Nashville, TN",https://stackoverflow.com/jobs/487286
Senior Java Developer,Worldline,"Stockholm, Sweden",https://stackoverflow.com/jobs/504950
Full Stack Web Developer,Bloomreach,"Amsterdam, Netherlands",https://stackoverflow.com/jobs/487279
Software Entwickler Java (w/m/x),RegioHelden GmbH,"Köln, Deutschland",https://stackoverflow.com/jobs/450821
Java Developer with a lot of freedom in your job,TOPdesk,"Delft, Netherlands",https://stackoverflow.com/jobs/425992
Fullstack Developer (m/w/d),best it GmbH & Co. KG,"Berlin, Deutschland",https://stackoverflow.com/jobs/368833
Fullstack Developer (f/m/d) (based in Germany),LILLYDOO GmbH,"Frankfurt am Main, Germany",https://stackoverflow.com/jobs/487070
Front End Developer who loves User Experience,O'Reilly Auto Parts,No office location,https://stackoverflow.com/jobs/504552
"Frontendutvecklare med fullstack-kunskaper, ICA Försäkring",ICA Gruppen,"Solna, Sweden",https://stackoverflow.com/jobs/460642
Senior Frontend Engineer (m/w/x) - remote possible,Jimdo,"Hamburg, Germany",https://stackoverflow.com/jobs/460639
Open Source Software Engineer,"ProgressiveviaProgressive, ein Geschäftszweig der SThree GmbH",No office location,https://stackoverflow.com/jobs/504205
JavaScript Engineer for our ecommerce storefront  (f/m/d),ePages GmbH,"Hamburg, Germany",https://stackoverflow.com/jobs/123431
Experienced Java Developer with a lot of freedom in your work,TOPdesk,"Budapest, Hungary",https://stackoverflow.com/jobs/460593
Développeur Fullstack JAVA / Javascript (H/F),La Combe du Lion Vert,"Paris, France",https://stackoverflow.com/jobs/504197
"Lead Engineer, Data Platform",proton.ai,No office location,https://stackoverflow.com/jobs/503893
Pre Sales Solutions Engineer,Soul Machines Limited,"San Francisco, CA",https://stackoverflow.com/jobs/503600
Software Engineer,FactSet,"Norwalk, CT",https://stackoverflow.com/jobs/460282
Senior Frontend Engineer (Vue.js) (f/m/d),Tillhub GmbH,"Berlin, Germany",https://stackoverflow.com/jobs/503596
Senior Full Stack Engineer,"UrbanFootprint, Inc.","Berkeley, CA",https://stackoverflow.com/jobs/486612
"Architect (Node, React) - Remote US",Modus Create,No office location,https://stackoverflow.com/jobs/503577
Senior Software Engineer C#/.NET/JavaScript,Sinara Consultants Limited,"London, UK",https://stackoverflow.com/jobs/437583
Frontend Software Engineer,"Genetesis, Inc.","Cincinnati, OH",https://stackoverflow.com/jobs/503551
Ingénieur validation Software - End to End,Worldline,"Paris, France",https://stackoverflow.com/jobs/503477
Ingénieur Automatisation Validation Software,Worldline,"Paris, France",https://stackoverflow.com/jobs/503474
Software Engineer,Paf - Games Sport Casino,"Helsinki, Finland",https://stackoverflow.com/jobs/472011
Fullstack Entwickler (m/w/d) in Hamburg,Kunde von Computer FuturesviaComputer Futures Solutions GmbH,"Hamburg, Deutschland",https://stackoverflow.com/jobs/503440
Senior Full Stack Laravel & Vue.js,Worksome ApS,"København, Denmark",https://stackoverflow.com/jobs/503422
Web Entwickler / Frontend Architect - Customer Facing Solutions (m/w/x),ALDI International Services GmbH & Co. oHG,"Mülheim, Germany",https://stackoverflow.com/jobs/503125
Frontend Software Entwickler (m/w/d) (React.js) für Brennstoffzellensysteme,SFC Energy AG,"Brunnthal, Germany",https://stackoverflow.com/jobs/503117
Software Engineer für ein digitales Immobilien Spin-Off,Union Investment Real Estate Digital GmbH,"Hamburg, Deutschland",https://stackoverflow.com/jobs/497837
Senior Backend Developer,Soul Machines Limited,"Auckland, New Zealand",https://stackoverflow.com/jobs/503102
Senior Software Engineer,Patch.com,"New York, NY",https://stackoverflow.com/jobs/394309
Tech Lead at EYEfi,EYEfi,"Melbourne, Australia",https://stackoverflow.com/jobs/502827
Fullstack Developer / Entwickler (m/w/d),INIT Group,"Karlsruhe, Deutschland",https://stackoverflow.com/jobs/486345
Software Engineer - UI (Remote),Favorite Medium,"Fukuoka, Japan",https://stackoverflow.com/jobs/486210
Senior Vue.js Developer Who Is Devoted To Clean Code,Digital Masterplanning,"Chicago, IL",https://stackoverflow.com/jobs/484660
Frontend Engineer,ThetaCore,"Lehi, UT",https://stackoverflow.com/jobs/502012
Senior Fullstack Software Engineer (Java),Zuhlke Engineering Hongkong,Hong Kong,https://stackoverflow.com/jobs/432674
"Senior Software Engineer, Web",Duolingo Inc,"New York, NY",https://stackoverflow.com/jobs/486007
Mid-Senior Software Engineer ~ Big Data Solutions,Lean Media,"Chesterfield, MO",https://stackoverflow.com/jobs/271865
Full Stack Software Engineer,Captivation Software,"Fort Meade, MD",https://stackoverflow.com/jobs/449508
"Frontend / Web Software Developer (m,f,d)",Synfioo GmbH,"Potsdam, Germany",https://stackoverflow.com/jobs/485979
Front-end Engineer,InCloudCounsel,"San Francisco, CA",https://stackoverflow.com/jobs/433449
Frontend Entwickler (w/m/d),brandung GmbH & Co. KG,"Köln, Deutschland",https://stackoverflow.com/jobs/252522
Senior/Lead Software Engineer,CV Partner,"London, UK",https://stackoverflow.com/jobs/471140
SW-Entwickler C#/.NET und Web-Entwicklung (m/w/d) unseres Produktes Visit.net,ASTRUM IT GmbH,"Erlangen, Deutschland",https://stackoverflow.com/jobs/485931
Full-Stack Developer,FlexEarn,"London, UK",https://stackoverflow.com/jobs/485775
Senior Frontend Engineer,Migros Online - LeShop.ch,"Zürich, Schweiz",https://stackoverflow.com/jobs/502031
Senior Web Developer Frontend (w/m/x),Avenga Germany GmbH,No office location,https://stackoverflow.com/jobs/455228
Staff Software Development Engineer,ReCharge Payments,No office location,https://stackoverflow.com/jobs/469142
"Principal Platform Architect, E-commerce",ReCharge Payments,No office location,https://stackoverflow.com/jobs/502015
Senior UX Designer/Web-Developer/Senior Web-Designer Frontend (m/w/d),cusati media GmbH,No office location,https://stackoverflow.com/jobs/485576
Software Engineer - Full Stack (Mid-Senior),Olo,No office location,https://stackoverflow.com/jobs/448572
Full-stack Software Engineer,Otta,"London, UK",https://stackoverflow.com/jobs/501766
"Lead Engineer - Python, MySQL, VueJS",Tails.com,"Richmond, UK",https://stackoverflow.com/jobs/391983
Senior Backend JS Engineer (Remote),X-Team,No office location,https://stackoverflow.com/jobs/489602
Web-Entwickler/Developer (m/w/d) für den Bereich Schuldigitalisierung,IServ GmbH,"Braunschweig, Deutschland",https://stackoverflow.com/jobs/408160
Full Stack Developer,Pensionera Förmedling i Sverige AB,"Stockholm, Sweden",https://stackoverflow.com/jobs/501504
Senior Front End Developer,Trafilea,No office location,https://stackoverflow.com/jobs/501496
Senior Frontend Engineer (Angular/Typescript),Computer FuturesviaComputer Futures Japan,"Tokyo, Japan",https://stackoverflow.com/jobs/501483
Lead Front-End Developer,UPowr Pty Ltd,"Sydney, Australia",https://stackoverflow.com/jobs/501472
Senior Software Engineer - Biotech startup helping dogs!,Embark Veterinary Inc.,"Boston, MA",https://stackoverflow.com/jobs/501211
Full Stack Programmer,Springs Charter Schools,"Temecula, CA",https://stackoverflow.com/jobs/458648
Senior Full-Stack Django/Python Developer,"Share Edge, LLC","Manhattan Beach, CA",https://stackoverflow.com/jobs/501234
Frontend Developer to build the leading Platform for ML,Hugging Face,"Paris, France",https://stackoverflow.com/jobs/448344
Javascript Developer (Vue.js / Node.js),Lucky Orange LLC,"Overland Park, KS",https://stackoverflow.com/jobs/374387
Senior Frontend Developer (m/w/d) #WE MAKE MOBILITY SHAREABLE!,INVERS GmbH,"Netphen, Deutschland",https://stackoverflow.com/jobs/501213
Front-End Developer,Digidentity,"Den Haag, Netherlands",https://stackoverflow.com/jobs/305537
Senior Backend Engineer - Elixir,Remote,No office location,https://stackoverflow.com/jobs/501127
Senior Fullstack Developer - Java / Kotlin / Javascript,teckro,"Dublin 2, Ireland",https://stackoverflow.com/jobs/401733
PHP Entwickler (Backend oder Full Stack)(m/w/d),WunschGutschein,"Düsseldorf, Deutschland",https://stackoverflow.com/jobs/365530
"Senior Software Engineer - Angular, React, Vue, etc. (online comparison portal)",Verivox GmbH,"Heidelberg, Germany",https://stackoverflow.com/jobs/485038
Senior Front-End Developer (m/f/d) - for legal tech startup in Munich,DataGuard,"München, Deutschland",https://stackoverflow.com/jobs/281206
Senior Software Engineer,Higher Logic,No office location,https://stackoverflow.com/jobs/484657
Frontend-/ UI-Entwickler (m/w/d) – JavaScript/TypeScript,INFORM - Institut für Operations Research und Management GmbH,"Aachen, Deutschland",https://stackoverflow.com/jobs/500636
Full Stack Web Developer (m/w/d),EyeC GmbH,"Hamburg, Deutschland",https://stackoverflow.com/jobs/408137
Frontend Web Developer (m/w/d),EyeC GmbH,"Hamburg, Deutschland",https://stackoverflow.com/jobs/408135
Front-end Developer for Soho Digital Agency,Tui Media,"London, UK",https://stackoverflow.com/jobs/484647
Hackers wanted-Looking for a Senior Developer (m/f/d) with Team Lead Experience!,freiheit.com technologies gmbh,"Hamburg, Deutschland",https://stackoverflow.com/jobs/91520
senior front-end javascript developer,Cygni,"Amsterdam, Netherlands",https://stackoverflow.com/jobs/447954
Senior Go Engineer at Openly - Insurtech,Openly,No office location,https://stackoverflow.com/jobs/500599
"Frontend Tech Lead, Trust & Safety Platform",ByteDance,Singapore,https://stackoverflow.com/jobs/423498
Senior Front-End Developer,Catawiki,"Amsterdam, Netherlands",https://stackoverflow.com/jobs/500542
"Frontend Software Engineer, Trust & Safety Platform",ByteDance,Singapore,https://stackoverflow.com/jobs/423497
Laravel and Vue.js Developer - MailerSend,The Remote Company,No office location,https://stackoverflow.com/jobs/447895
DevOps Engineer,Harlem Next,"Haarlem, Netherlands",https://stackoverflow.com/jobs/423490
Shopify Assistant Technical Lead,"Trellis, Inc.",No office location,https://stackoverflow.com/jobs/499882
Senior Full Stack Developer (f/m/x),Parkside,"Graz, Österreich",https://stackoverflow.com/jobs/448298
Senior Frontend Developer (f/m/x),Parkside,"Graz, Österreich",https://stackoverflow.com/jobs/466270
Senior Software Engineer at Interactive Benefits Communications Platform,The Jellyvision Lab Inc.,No office location,https://stackoverflow.com/jobs/500471
Engineering Team Lead,Science Suite Inc. (BioRender),"Toronto, ON, Canada",https://stackoverflow.com/jobs/500469
Senior PHP Developer,Defiant Inc,No office location,https://stackoverflow.com/jobs/500281
Full Stack Developer,AIR MILES,"Toronto, ON, Canada",https://stackoverflow.com/jobs/500279
Senior Full Stack Developer,Creative Mines,"Hancock, MI",https://stackoverflow.com/jobs/500245
Software Engineer,"PWNHealth, LLC","New York, NY",https://stackoverflow.com/jobs/500265
DevSecOps Engineer,BrainGu,"Fayetteville, NC",https://stackoverflow.com/jobs/423179
Front-end Developer Vuejs,CareSend,No office location,https://stackoverflow.com/jobs/499953
Framtunga utvecklare till Cygni,Cygni,"Stockholm, Sweden",https://stackoverflow.com/jobs/447407
"Fler fullstacksutvecklande Cygnianer (JavaScript/Node, C#/.NET eller Java)",Cygni,"Stockholm, Sweden",https://stackoverflow.com/jobs/447405
Software Engineer - Frontend,adidas Zaragoza Tech Hub,"Zaragoza, Spain",https://stackoverflow.com/jobs/500197
Ruby on Rails Developer (f/m/div) in FinTech,PAIR Finance GmbH,"Berlin, Deutschland",https://stackoverflow.com/jobs/424974
Frontend Developer (Vue.js) (m/w/d),Peek & Cloppenburg KG Düsseldorf,"Düsseldorf, Deutschland",https://stackoverflow.com/jobs/447396
Full Stack Developer,Nurole Ltd,"London, UK",https://stackoverflow.com/jobs/331256
Softwareentwickler (m/w/d) PHP,Hess Natur-Textilien GmbH & Co. KG,"Butzbach, Deutschland",https://stackoverflow.com/jobs/499949
Frontend-lead/ Framework Engineer,Migros Online - LeShop.ch,"Zürich, Schweiz",https://stackoverflow.com/jobs/499948
Senior Full Stack Engineer,Addison Group,No office location,https://stackoverflow.com/jobs/499942
"QA (manual, automated) and Release Process/Management",Dorsata,No office location,https://stackoverflow.com/jobs/314986
Front End Engineer,Amazon Web Services,"New York, NY",https://stackoverflow.com/jobs/499873
Software Engineer,"WorkLLama, LLC","Alpharetta, GA",https://stackoverflow.com/jobs/457859
Senior Software Development Engineer,"AGORA Data, Inc.","Arlington, TX",https://stackoverflow.com/jobs/499680
Full Stack Developer,Cognitive Space,"Austin, TX",https://stackoverflow.com/jobs/499648
Senior Backend Engineer (Python/Django),Financial Technology Partners,"San Francisco, CA",https://stackoverflow.com/jobs/446918
Fullstack Applications Developer,Fresh Technology,No office location,https://stackoverflow.com/jobs/488295
"Awesome Senior 3D Software Engineers (Javascript, WebGL, UE4, Vulkan, ...)",4D Pipeline,No office location,https://stackoverflow.com/jobs/499619
.NET Software Engineer,Kaizen Gaming (Stoiximan/Betano),"Athens, Greece",https://stackoverflow.com/jobs/411413
Senior Backend Developer,Quant,"London, UK",https://stackoverflow.com/jobs/499611
Backend Developer,Quant,"London, UK",https://stackoverflow.com/jobs/499172
Développeur Crafteur JAVA (H/F),La Combe du Lion Vert,"Paris, France",https://stackoverflow.com/jobs/499582
(Senior) Frontend Software Engineer (m/f/d),Charles GmbH,"Berlin, Germany",https://stackoverflow.com/jobs/499379
Front-End Developer,Cloudwise B.V.,"Woerden, Netherlands",https://stackoverflow.com/jobs/459598
Project Manager,LeadIQ,Singapore,https://stackoverflow.com/jobs/422625
Salesforce Apex Developer,LeadIQ,Singapore,https://stackoverflow.com/jobs/422622
1x Software Architect/Lead (Cloud) & 1x Senior DevOps Engineer,Solar And Storage Modelling Pty Ltd (Solcast),"Leichhardt, Australia",https://stackoverflow.com/jobs/434165
Senior DevOps Engineer at Openly - Insurtech,Openly,No office location,https://stackoverflow.com/jobs/483510
Senior Frontend Engineer (Vue.js),Financial Technology Partners,"San Francisco, CA",https://stackoverflow.com/jobs/446919
*REMOTE* Senior Kotlin (Java) Backend Engineer (m/w/d) TVNOW Streaming Plattform,"AVANTGARDE - ""Creating Fans""",No office location,https://stackoverflow.com/jobs/468935
"Frontend Developer (m/w/d) in Leipzig, Halle (Saale) oder Dresden",Relaxdays GmbH,"Leipzig, Deutschland",https://stackoverflow.com/jobs/433898
"Backend Developer PHP (m/w/d) in Leipzig, Halle (Saale) oder Dresden",Relaxdays GmbH,"Leipzig, Deutschland",https://stackoverflow.com/jobs/433896
"Backend Developer C# (w/m/d) in Leipzig, Halle (Saale) oder Dresden",Relaxdays GmbH,"Leipzig, Deutschland",https://stackoverflow.com/jobs/433895
Full Stack Engineer at Sellpy,Sellpy,"Stockholm, Sweden",https://stackoverflow.com/jobs/456515
Front-End Developer,Jumbo Supermarkets,"Veghel, Netherlands",https://stackoverflow.com/jobs/468925
Webdeveloper for Backend (NodeJS) and Frontend (Vue) (m/f),RINGANA GmbH,"Wien, Österreich",https://stackoverflow.com/jobs/421723
Full Stack Senior/Mid-Level Software Engineer,Legna Software,"Winston-Salem, NC",https://stackoverflow.com/jobs/482933
Full Stack Engineer,causaLens,"London, UK",https://stackoverflow.com/jobs/468461
Frontend Developer (w/*/m),queo GmbH,"Dresden, Deutschland",https://stackoverflow.com/jobs/482918
